model_name,accuracy,precision,recall,f1,roc_auc
MobileNetV2,0.9935064935064936,0.9936338171632288,0.9935064935064936,0.9935064935064936,0.9994338186085759
ResNet50V2,0.9675324675324676,0.9704313543599257,0.9675324675324676,0.9677489646253702,0.9989837736040754
Custom CNN (Adam+L1),0.922077922077922,0.9222923303111983,0.922077922077922,0.9216576303954944,0.9934274667464613
Logistic Regression,0.7792207792207793,0.7845667328034045,0.7792207792207793,0.7770137084653214,0.9171990114566776
VGG16,0.7662337662337663,0.7678721264959038,0.7662337662337663,0.7636823832759215,0.9203197972363115
